 ://readi.fi/asset/</loc><lastmod>2024-10-22</lastmod><xhtml:link rel="alternate" hreflang="en" href=" 
 ://readi.fi/asset/"/><xhtml:link rel="alternate" hreflang="fr" href=" 
 ://readi.fi/asset/stablecoin-usdy-ondo-us-dollar-yield-token-by-ondo-finance/</loc><xhtml:link rel="alternate" hreflang="en" href=" 
 ://readi.fi/asset/stablecoin-usdy-ondo-us-dollar-yield-token-by-ondo-finance/"/><xhtml:link rel="alternate" hreflang="fr" href=" 
 ://readi.fi/asset/fund-ousg-ondo-short-term-us-government-treasuries-by-ondo-i-lp/</loc><xhtml:link rel="alternate" hreflang="en" href=" 
 ://readi.fi/asset/fund-ousg-ondo-short-term-us-government-treasuries-by-ondo-i-lp/"/><xhtml:link rel="alternate" hreflang="fr" href=" 
 ://readi.fi/asset/commodities-tgold-tgold-by-aurus/</loc><xhtml:link rel="alternate" hreflang="en" href=" 
 ://readi.fi/asset/commodities-tgold-tgold-by-aurus/"/><xhtml:link rel="alternate" hreflang="fr" href=" 
 ://readi.fi/asset/fund-abrdn-usd-abrdn-liquidity-fund-lux-us-dollar-fund-by-abrdn/</loc><xhtml:link rel="alternate" hreflang="en" href=" 
 ://readi.fi/asset/fund-abrdn-usd-abrdn-liquidity-fund-lux-us-dollar-fund-by-abrdn/"/><xhtml:link rel="alternate" hreflang="fr" href=" 
 ://readi.fi/asset/stablecoin-usty-usty-yieldteq-by-yieldteq/</loc><xhtml:link rel="alternate" hreflang="en" href=" 
 ://readi.fi/asset/stablecoin-usty-usty-yieldteq-by-yieldteq/"/><xhtml:link rel="alternate" hreflang="fr" href=" 
 ://readi.fi/asset/fund-altf1-anemoy-liquid-treasury-fund-1-by-anemoy/</loc><xhtml:link rel="alternate" hreflang="en" href=" 
 ://readi.fi/asset/fund-altf1-anemoy-liquid-treasury-fund-1-by-anemoy/"/><xhtml:link rel="alternate" hreflang="fr" href=" 
 ://readi.fi/asset/fund-bt4-blocktower-series-4-by-blocktower/</loc><xhtml:link rel="alternate" hreflang="en" href=" 
 ://readi.fi/asset/fund-bt4-blocktower-series-4-by-blocktower/"/><xhtml:link rel="alternate" hreflang="fr" href=" 
 ://readi.fi/asset/fund-mplcashusdc-maple-cash-management-usdc-maple/</loc><xhtml:link rel="alternate" hreflang="en" href=" 
 ://readi.fi/asset/fund-mplcashusdc-maple-cash-management-usdc-maple/"/><xhtml:link rel="alternate" hreflang="fr" href=" 
 ://readi.fi/asset/debt-mplohyusdc1-maple-direct-high-yield-corporate/</loc><xhtml:link rel="alternate" hreflang="en" href=" 
 ://readi.fi/asset/debt-mplohyusdc1-maple-direct-high-yield-corporate/"/><xhtml:link rel="alternate" hreflang="fr" href=" 
 ://readi.fi/asset/debt-mplhycweth1-maple-direct-high-yield-corporate/</loc><xhtml:link rel="alternate" hreflang="en" href=" 
 ://readi.fi/asset/debt-mplhycweth1-maple-direct-high-yield-corporate/"/><xhtml:link rel="alternate" hreflang="fr" href=" 
 ://readi.fi/asset/stablecoin-tbill-openeden-tbill-by-hill-lights-int/</loc><xhtml:link rel="alternate" hreflang="en" href=" 
 ://readi.fi/asset/stablecoin-tbill-openeden-tbill-by-hill-lights-int/"/><xhtml:link rel="alternate" hreflang="fr" href=" 
 ://readi.fi/asset/stablecoin-fobxx-franklin-onchain-us-government-mo/</loc><xhtml:link rel="alternate" hreflang="en" href=" 
 ://readi.fi/asset/stablecoin-fobxx-franklin-onchain-us-government-mo/"/><xhtml:link rel="alternate" hreflang="fr" href=" 
 ://readi.fi/asset/public-equity-bcoin-backed-coinbase-global-bcoin-by-backed-finance/</loc><xhtml:link rel="alternate" hreflang="en" href=" 
 ://readi.fi/asset/public-equity-bcoin-backed-coinbase-global-bcoin-by-backed-finance/"/><xhtml:link rel="alternate" hreflang="fr" href=" 
 ://readi.fi/asset/fund-buidl-blackrock-usd-institutional-digital-liquidity-fund-by-blackrock/</loc><xhtml:link rel="alternate" hreflang="en" href=" 
 ://readi.fi/asset/fund-buidl-blackrock-usd-institutional-digital-liquidity-fund-by-blackrock/"/><xhtml:link rel="alternate" hreflang="fr" href=" 
 ://readi.fi/asset/private-equity-daks-draggable-aktionariat-ag-shares-by-aktionariat/</loc><xhtml:link rel="alternate" hreflang="en" href=" 
 ://readi.fi/asset/private-equity-daks-draggable-aktionariat-ag-shares-by-aktionariat/"/><xhtml:link rel="alternate" hreflang="fr" href=" 
 ://readi.fi/asset/stablecoin-arcbeglf-blackrock-ics-euro-government-liquidity-fund-by-blackrock/</loc><xhtml:link rel="alternate" hreflang="en" href=" 
 ://readi.fi/asset/stablecoin-arcbeglf-blackrock-ics-euro-government-liquidity-fund-by-blackrock/"/><xhtml:link rel="alternate" hreflang="fr" href=" 
 ://readi.fi/asset/public-equity-bcspx-backed-cspx-core-sp-500-bcspx-by-backed-finance/</loc><xhtml:link rel="alternate" hreflang="en" href=" 
 ://readi.fi/asset/public-equity-bcspx-backed-cspx-core-sp-500-bcspx-by-backed-finance/"/><xhtml:link rel="alternate" hreflang="fr" href=" 
 ://readi.fi/asset/fund-eutbl-spiko-euro-by-twenty-first-capital/</loc><xhtml:link rel="alternate" hreflang="en" href=" 
 ://readi.fi/asset/fund-eutbl-spiko-euro-by-twenty-first-capital/"/><xhtml:link rel="alternate" hreflang="fr" href=" 
 ://readi.fi/asset/fund-ustbl-spiko-dollar-by-twenty-first-capital/</loc><xhtml:link rel="alternate" hreflang="en" href=" 
 ://readi.fi/asset/fund-ustbl-spiko-dollar-by-twenty-first-capital/"/><xhtml:link rel="alternate" hreflang="fr" href=" 
 ://readi.fi/asset/structured-product-mmmeur-moreliquid-money-market-fund-by-moreliquid-management/</loc><xhtml:link rel="alternate" hreflang="en" href=" 
 ://readi.fi/asset/structured-product-mmmeur-moreliquid-money-market-fund-by-moreliquid-management/"/><xhtml:link rel="alternate" hreflang="fr" href=" 
 ://readi.fi/asset/debt-ar180-arjan-capital-by-arjan-capital/</loc><xhtml:link rel="alternate" hreflang="en" href=" 
 ://readi.fi/asset/debt-ar180-arjan-capital-by-arjan-capital/"/><xhtml:link rel="alternate" hreflang="fr" href=" 
 ://readi.fi/asset/debt-fl180-fluna-by-fluna/</loc><xhtml:link rel="alternate" hreflang="en" href=" 
 ://readi.fi/asset/debt-fl180-fluna-by-fluna/"/><xhtml:link rel="alternate" hreflang="fr" href=" 
 ://readi.fi/asset/note-cmstr-microstrategy-note-by-sicos-securities/</loc><xhtml:link rel="alternate" hreflang="en" href=" 
 ://readi.fi/asset/note-cmstr-microstrategy-note-by-sicos-securities/"/><xhtml:link rel="alternate" hreflang="fr" href=" 
 ://readi.fi/asset/fund-aqf-aquarius-alternative-high-yield-debt-fund-by-sicos-securities/</loc><xhtml:link rel="alternate" hreflang="en" href=" 
 ://readi.fi/asset/fund-aqf-aquarius-alternative-high-yield-debt-fund-by-sicos-securities/"/><xhtml:link rel="alternate" hreflang="fr" href=" 
 ://readi.fi/asset/note-alt2612-mikro-kapital-alternative-by-mikro-kapital/</loc><xhtml:link rel="alternate" hreflang="en" href=" 
 ://readi.fi/asset/note-alt2612-mikro-kapital-alternative-by-mikro-kapital/"/><xhtml:link rel="alternate" hreflang="fr" href=" 
 ://readi.fi/asset/structured-product-bernx-backed-ernx-ultrashort-bond-by-backed-finance/</loc><xhtml:link rel="alternate" hreflang="en" href=" 
 ://readi.fi/asset/structured-product-bernx-backed-ernx-ultrashort-bond-by-backed-finance/"/><xhtml:link rel="alternate" hreflang="fr" href=" 
 ://readi.fi/asset/structured-product-bhigh-backed-high-high-yield-corp-bond-by-backed-finance/</loc><xhtml:link rel="alternate" hreflang="en" href=" 
 ://readi.fi/asset/structured-product-bhigh-backed-high-high-yield-corp-bond-by-backed-finance/"/><xhtml:link rel="alternate" hreflang="fr" href=" 
 ://readi.fi/asset/structured-product-bc3m-backed-govies-0-6-months-euro-investment-grade-bc3m-by-backed-finance/</loc><xhtml:link rel="alternate" hreflang="en" href=" 
 ://readi.fi/asset/structured-product-bc3m-backed-govies-0-6-months-euro-investment-grade-bc3m-by-backed-finance/"/><xhtml:link rel="alternate" hreflang="fr" href=" 
 ://readi.fi/asset/fund-tfund-cogito-tfund-by-cogito/</loc><xhtml:link rel="alternate" hreflang="en" href=" 
 ://readi.fi/asset/fund-tfund-cogito-tfund-by-cogito/"/><xhtml:link rel="alternate" hreflang="fr" href=" 
 ://readi.fi/asset/structured-product-bzpr1-backed-zpr1-1-3-month-t-bill-by-backed-finance/</loc><xhtml:link rel="alternate" hreflang="en" href=" 
 ://readi.fi/asset/structured-product-bzpr1-backed-zpr1-1-3-month-t-bill-by-backed-finance/"/><xhtml:link rel="alternate" hreflang="fr" href=" 
 ://readi.fi/asset/debt-ns3-new-silver-series-3-by-new-silver/</loc><xhtml:link rel="alternate" hreflang="en" href=" 
 ://readi.fi/asset/debt-ns3-new-silver-series-3-by-new-silver/"/><xhtml:link rel="alternate" hreflang="fr" href=" 
 ://readi.fi/asset/fund-rwa007-monetalis-clydesdale-by-james-asset-ptc-limited/</loc><xhtml:link rel="alternate" hreflang="en" href=" 
 ://readi.fi/asset/fund-rwa007-monetalis-clydesdale-by-james-asset-ptc-limited/"/><xhtml:link rel="alternate" hreflang="fr" href=" 
 ://readi.fi/asset/fund-rwa015-blocktower-andromeda-by-taco-foundation/</loc><xhtml:link rel="alternate" hreflang="en" href=" 
 ://readi.fi/asset/fund-rwa015-blocktower-andromeda-by-taco-foundation/"/><xhtml:link rel="alternate" hreflang="fr" href=" 
 ://readi.fi/asset/fund-ustb-superstate-short-duration-us-government-securities-fund-by-superstate/</loc><xhtml:link rel="alternate" hreflang="en" href=" 
 ://readi.fi/asset/fund-ustb-superstate-short-duration-us-government-securities-fund-by-superstate/"/><xhtml:link rel="alternate" hreflang="fr" href=" 
 ://readi.fi/asset/stablecoin-usyc-hashnote-us-yield-coin-by-hashnote/</loc><xhtml:link rel="alternate" hreflang="en" href=" 
 ://readi.fi/asset/stablecoin-usyc-hashnote-us-yield-coin-by-hashnote/"/><xhtml:link rel="alternate" hreflang="fr" href=" 
 ://readi.fi/asset/structured-product-nvda-nvidia-corp-swarm-by-swarm/</loc><xhtml:link rel="alternate" hreflang="en" href=" 
 ://readi.fi/asset/structured-product-nvda-nvidia-corp-swarm-by-swarm/"/><xhtml:link rel="alternate" hreflang="fr" href=" 
 ://readi.fi/asset/structured-product-coin-coinbase-global-inc-class-a-swarm-by-swarm/</loc><xhtml:link rel="alternate" hreflang="en" href=" 
 ://readi.fi/asset/structured-product-coin-coinbase-global-inc-class-a-swarm-by-swarm/"/><xhtml:link rel="alternate" hreflang="fr" href=" 
 ://readi.fi/asset/structured-product-gme-gamestop-corporation-class-a-swarm-by-swarm/</loc><xhtml:link rel="alternate" hreflang="en" href=" 
 ://readi.fi/asset/structured-product-gme-gamestop-corporation-class-a-swarm-by-swarm/"/><xhtml:link rel="alternate" hreflang="fr" href=" 
 ://readi.fi/asset/structured-product-intc-intel-corp-swarm-by-swarm/</loc><xhtml:link rel="alternate" hreflang="en" href=" 
 ://readi.fi/asset/structured-product-intc-intel-corp-swarm-by-swarm/"/><xhtml:link rel="alternate" hreflang="fr" href=" 
 ://readi.fi/asset/structured-product-tbonds13-ishares-treasury-bond-1-3yr-ucits-etf-tbonds13-swarm-by-swarm/</loc><xhtml:link rel="alternate" hreflang="en" href=" 
 ://readi.fi/asset/structured-product-tbonds13-ishares-treasury-bond-1-3yr-ucits-etf-tbonds13-swarm-by-swarm/"/><xhtml:link rel="alternate" hreflang="fr" href=" 
 ://readi.fi/asset/structured-product-msft-microsoft-corporation-swarm-by-swarm/</loc><xhtml:link rel="alternate" hreflang="en" href=" 
 ://readi.fi/asset/structured-product-msft-microsoft-corporation-swarm-by-swarm/"/><xhtml:link rel="alternate" hreflang="fr" href=" 
 ://readi.fi/asset/structured-product-blk-blackrock-inc-swarm-by-swarm/</loc><xhtml:link rel="alternate" hreflang="en" href=" 
 ://readi.fi/asset/structured-product-blk-blackrock-inc-swarm-by-swarm/"/><xhtml:link rel="alternate" hreflang="fr" href=" 
 ://readi.fi/asset/structured-product-tsla-tesla-inc-dl-001-swarm-by-swarm/</loc><xhtml:link rel="alternate" hreflang="en" href=" 
 ://readi.fi/asset/structured-product-tsla-tesla-inc-dl-001-swarm-by-swarm/"/><xhtml:link rel="alternate" hreflang="fr" href=" 
 ://readi.fi/asset/structured-product-aapl-apple-inc-swarm-by-swarm/</loc><xhtml:link rel="alternate" hreflang="en" href=" 
 ://readi.fi/asset/structured-product-aapl-apple-inc-swarm-by-swarm/"/><xhtml:link rel="alternate" hreflang="fr" href=" 
 ://readi.fi/asset/structured-product-mstr-microstrategy-inc-class-a-swarm-by-swarm/</loc><xhtml:link rel="alternate" hreflang="en" href=" 
 ://readi.fi/asset/structured-product-mstr-microstrategy-inc-class-a-swarm-by-swarm/"/><xhtml:link rel="alternate" hreflang="fr" href=" 
 ://readi.fi/asset/structured-product-cpng-coupang-inc-class-a-swarm-by-swarm/</loc><xhtml:link rel="alternate" hreflang="en" href=" 
 ://readi.fi/asset/structured-product-cpng-coupang-inc-class-a-swarm-by-swarm/"/><xhtml:link rel="alternate" hreflang="fr" href=" 
 ://readi.fi/asset/structured-product-tbonds01-ishares-treasury-bond-0-1yr-ucits-etf-tbonds01-swarm-by-swarm/</loc><xhtml:link rel="alternate" hreflang="en" href=" 
 ://readi.fi/asset/structured-product-tbonds01-ishares-treasury-bond-0-1yr-ucits-etf-tbonds01-swarm-by-swarm/"/><xhtml:link rel="alternate" hreflang="fr" href=" 
 ://readi.fi/asset/debt-sg10green-societe-generale-green-positive-impact-senior-preferred-notes-by-societe-generale/</loc><xhtml:link rel="alternate" hreflang="en" href=" 
 ://readi.fi/asset/debt-sg10green-societe-generale-green-positive-impact-senior-preferred-notes-by-societe-generale/"/><xhtml:link rel="alternate" hreflang="fr" href=" 
 ://readi.fi/asset/equity-share-afs-alan-frei-by-alan-frei/</loc><lastmod>2024-10-16</lastmod><xhtml:link rel="alternate" hreflang="en" href=" 
 ://readi.fi/asset/equity-share-afs-alan-frei-by-alan-frei/"/><xhtml:link rel="alternate" hreflang="fr" href=" 
 ://readi.fi/asset/equity-share-arts-artleasing-shares-by-art-leasing-invest/</loc><lastmod>2024-10-16</lastmod><xhtml:link rel="alternate" hreflang="en" href=" 
 ://readi.fi/asset/equity-share-arts-artleasing-shares-by-art-leasing-invest/"/><xhtml:link rel="alternate" hreflang="fr" href=" 
 ://readi.fi/asset/equity-share-boss-boss-info-ag-by-boss-info/</loc><lastmod>2024-10-16</lastmod><xhtml:link rel="alternate" hreflang="en" href=" 
 ://readi.fi/asset/equity-share-boss-boss-info-ag-by-boss-info/"/><xhtml:link rel="alternate" hreflang="fr" href=" 
 ://readi.fi/asset/equity-share-oprs-operal-ag-shares-by-operal/</loc><lastmod>2024-10-16</lastmod><xhtml:link rel="alternate" hreflang="en" href=" 
 ://readi.fi/asset/equity-share-oprs-operal-ag-shares-by-operal/"/><xhtml:link rel="alternate" hreflang="fr" href=" 
 ://readi.fi/asset/equity-share-pds-pensiondynamics-by-pensiondynamics/</loc><lastmod>2024-10-16</lastmod><xhtml:link rel="alternate" hreflang="en" href=" 
 ://readi.fi/asset/equity-share-pds-pensiondynamics-by-pensiondynamics/"/><xhtml:link rel="alternate" hreflang="fr" href=" 
 ://readi.fi/asset/equity-share-axras-axelra-tech-venture-building-shares-by-axelra-tech-venture/</loc><lastmod>2024-10-21</lastmod><xhtml:link rel="alternate" hreflang="en" href=" 
 ://readi.fi/asset/equity-share-axras-axelra-tech-venture-building-shares-by-axelra-tech-venture/"/><xhtml:link rel="alternate" hreflang="fr" href=" 
 ://readi.fi/asset/equity-share-cas-carnault-ag-shares-by-carnault/</loc><lastmod>2024-10-21</lastmod><xhtml:link rel="alternate" hreflang="en" href=" 
 ://readi.fi/asset/equity-share-cas-carnault-ag-shares-by-carnault/"/><xhtml:link rel="alternate" hreflang="fr" href=" 
 ://readi.fi/asset/equity-share-ehck-ehc-kloten-by-ehc-kloten/</loc><lastmod>2024-10-21</lastmod><xhtml:link rel="alternate" hreflang="en" href=" 
 ://readi.fi/asset/equity-share-ehck-ehc-kloten-by-ehc-kloten/"/><xhtml:link rel="alternate" hreflang="fr" href=" 
 ://readi.fi/asset/equity-share-lines-twiliner-ag-shares-by-twiliner/</loc><lastmod>2024-10-21</lastmod><xhtml:link rel="alternate" hreflang="en" href=" 
 ://readi.fi/asset/equity-share-lines-twiliner-ag-shares-by-twiliner/"/><xhtml:link rel="alternate" hreflang="fr" href=" 
 ://readi.fi/asset/equity-share-vids-vidby-shares-by-vidby/</loc><lastmod>2024-10-21</lastmod><xhtml:link rel="alternate" hreflang="en" href=" 
 ://readi.fi/asset/equity-share-vids-vidby-shares-by-vidby/"/><xhtml:link rel="alternate" hreflang="fr" href=" 
 ://readi.fi/asset/debt-b2c2-20241118-1-1-month-b2c2-corporate-bond-by-b2c2/</loc><lastmod>2024-10-24</lastmod><xhtml:link rel="alternate" hreflang="en" href=" 
 ://readi.fi/asset/debt-b2c2-20241118-1-1-month-b2c2-corporate-bond-by-b2c2/"/><xhtml:link rel="alternate" hreflang="fr" href=" 
